,Instance,Obj,Vehicles,Time
0,Golden_17-C41-N241.gvrp,428.39023632736445,4,9.9895658493042
