,Instance,Obj,Vehicles,Time
0,Golden_17-C35-N241.gvrp,433.22313851610227,4,9.74643063545227
